tipo,id,campo1,campo2,campo3,campo4,campo5,campo6,campo7,campo8
"MUEBLE","","Sala","Sala Verona","Sala de 3 piezas","8500.0","5","",""
"MUEBLE","","Sala","Sala Oslo","Sala de 3 piezas","9800.0","4","",""
"MUEBLE","","Comedor","Comedor Roma","Mesa con 6 sillas y buffet","6100.0","5","",""
"MUEBLE","","Recámara","Recámara Kyoto","Cama king con 2 burós","5300.0","0","",""
"MUEBLE","","Oficina","Escritorio Nordic","Escritorio con cajonera","3700.0","8","",""
"MUEBLE","","Infantil","Cuna Luna","Cuna convertible para bebé","2900.0","3","",""
"APARTADO","1","Ruben","Sala Verona","$3,000.00","$1,200.00","$1,800.00","2026-09-30","Pendiente"
"APARTADO","2","Roberto","Comedor Roma","$5,500.00","$2,500.00","$3,000.00","2026-10-02","Pagado"
"APARTADO","3","Carolina","Recámara Kyoto","$4,000.00","$1,500.00","$2,500.00","2026-10-05","Vigente"
